{
  "name": "angular-ui-calendar",
  "version": "1.0.0",
  "description": "A complete AngularJS directive for the Arshaw FullCalendar.",
  "author": "https://github.com/angular-ui/ui-calendar/graphs/contributors",
  "license": "MIT",
  "homepage": "http://angular-ui.github.com",
  "main": "./src/calendar.js",
  "ignore": [
    "**/.*",
    "node_modules",
    "bower_components",
    "test*",
    "demo*",
    "gruntFile.js",
    "package.json"
  ],
  "dependencies": {
    "angular": "1.2.26",
    "jquery": "2.x",
    "fullcalendar": "2.1.1",
    "moment": "2.*"
  },
  "devDependencies": {
    "angular-mocks": "~1.x",
    "bootstrap-css": "2.3.1"
  },
  "resolutions": {
    "jquery": "~2.x",
    "angular": "1.2.26"
  },
  "_release": "1.0.0",
  "_resolution": {
    "type": "version",
    "tag": "1.0.0",
    "commit": "ba10e35ffae8f680a69ac8d1f89b25ef4d3fada8"
  },
  "_source": "git://github.com/angular-ui/ui-calendar.git",
  "_target": "*",
  "_originalSource": "angular-ui-calendar"
}